-- phpMyAdmin SQL Dump
-- version 5.2.1
-- https://www.phpmyadmin.net/
--
-- Hôte : 127.0.0.1:3306
-- Généré le : ven. 07 juin 2024 à 08:44
-- Version du serveur : 8.3.0
-- Version de PHP : 8.3.6

SET SQL_MODE = "NO_AUTO_VALUE_ON_ZERO";
START TRANSACTION;
SET time_zone = "+00:00";


/*!40101 SET @OLD_CHARACTER_SET_CLIENT=@@CHARACTER_SET_CLIENT */;
/*!40101 SET @OLD_CHARACTER_SET_RESULTS=@@CHARACTER_SET_RESULTS */;
/*!40101 SET @OLD_COLLATION_CONNECTION=@@COLLATION_CONNECTION */;
/*!40101 SET NAMES utf8mb4 */;

--
-- Base de données : `jour05`
--

-- --------------------------------------------------------

--
-- Structure de la table `etage`
--

DROP TABLE IF EXISTS `etage`;
CREATE TABLE IF NOT EXISTS `etage` (
  `id` int NOT NULL AUTO_INCREMENT,
  `nom` varchar(255) NOT NULL,
  `numero` int NOT NULL,
  `superficie` int NOT NULL,
  PRIMARY KEY (`id`)
) ENGINE=MyISAM AUTO_INCREMENT=3 DEFAULT CHARSET=utf8mb4 COLLATE=utf8mb4_0900_ai_ci;

--
-- Déchargement des données de la table `etage`
--

INSERT INTO `etage` (`id`, `nom`, `numero`, `superficie`) VALUES
(1, 'RDC', 0, 500),
(2, 'R+1', 1, 500);

-- --------------------------------------------------------

--
-- Structure de la table `etudiant`
--

DROP TABLE IF EXISTS `etudiant`;
CREATE TABLE IF NOT EXISTS `etudiant` (
  `id` int NOT NULL AUTO_INCREMENT,
  `prenom` varchar(255) NOT NULL,
  `nom` varchar(255) NOT NULL,
  `naissance` date NOT NULL,
  `sexe` varchar(25) NOT NULL,
  `email` varchar(255) NOT NULL,
  PRIMARY KEY (`id`)
) ENGINE=MyISAM AUTO_INCREMENT=8 DEFAULT CHARSET=utf8mb4 COLLATE=utf8mb4_0900_ai_ci;

--
-- Déchargement des données de la table `etudiant`
--

INSERT INTO `etudiant` (`id`, `prenom`, `nom`, `naissance`, `sexe`, `email`) VALUES
(1, 'Cyril', 'Zimmermann', '1989-01-02', 'Homme', 'cyril@laplateforme.io'),
(2, 'Jessica', 'Soriano', '1995-09-08', 'Femme', 'jessica@laplateforme.io'),
(3, 'Roxan', 'Roumégas', '2016-09-08', 'Homme', 'roxan@laplateforme.io'),
(4, 'Pascal', 'Assens', '1999-12-31', 'Homme', 'pascal@laplateforme.io'),
(5, 'Terry', 'Cristinelli', '2005-02-01', 'Homme', 'terry@laplateforme.io'),
(6, 'Ruben', 'Habib', '1993-05-26', 'Homme', 'ruben.habib@laplateforme.io'),
(7, 'Toto', 'Dupont', '2019-11-07', 'Homme', 'toto@laplateforme.io');

-- --------------------------------------------------------

--
-- Structure de la table `salle`
--

DROP TABLE IF EXISTS `salle`;
CREATE TABLE IF NOT EXISTS `salle` (
  `id` int NOT NULL AUTO_INCREMENT,
  `nom` varchar(255) NOT NULL,
  `id_etage` int NOT NULL,
  `capacite` int NOT NULL,
  PRIMARY KEY (`id`)
) ENGINE=MyISAM AUTO_INCREMENT=13 DEFAULT CHARSET=utf8mb4 COLLATE=utf8mb4_0900_ai_ci;

--
-- Déchargement des données de la table `salle`
--

INSERT INTO `salle` (`id`, `nom`, `id_etage`, `capacite`) VALUES
(1, 'Lounge', 1, 100),
(2, 'Studio Son', 1, 5),
(3, 'Broadcasting', 2, 50),
(4, 'Bocal Peda', 2, 4),
(5, 'Coworking', 2, 80),
(6, 'Studio Video', 2, 5),
(7, 'Lounge', 1, 100),
(8, 'Studio Son', 1, 5),
(9, 'Broadcasting', 2, 50),
(10, 'Bocal Peda', 2, 4),
(11, 'Coworking', 2, 80),
(12, 'Studio Video', 2, 5);
COMMIT;

/*!40101 SET CHARACTER_SET_CLIENT=@OLD_CHARACTER_SET_CLIENT */;
/*!40101 SET CHARACTER_SET_RESULTS=@OLD_CHARACTER_SET_RESULTS */;
/*!40101 SET COLLATION_CONNECTION=@OLD_COLLATION_CONNECTION */;
